{"type":"FeatureCollection","metadata":{"generated":1697331074000,"url":"https://earthquake.usgs.gov/fdsnws/event/1/query.geojson?starttime=1880-01-01%2000:00:00&endtime=1909-12-31%2023:59:59&maxlatitude=43.58&minlatitude=24.862&maxlongitude=-205.488&minlongitude=-231.064&minmagnitude=4&orderby=time","title":"USGS Earthquakes","status":200,"api":"1.14.0","count":26},"features":[{"type":"Feature","properties":{"mag":6.57,"place":"24 km S of Shizunai-furukawach?, Japan","time":-1902630068360,"updated":1650918967839,"tz":null,"url":"https://earthquake.usgs.gov/earthquakes/eventpage/iscgem602790116","detail":"https://earthquake.usgs.gov/fdsnws/event/1/query?eventid=iscgem602790116&format=geojson","felt":null,"cdi":null,"mmi":null,"alert":null,"status":"reviewed","tsunami":0,"sig":664,"net":"iscgem","code":"602790116","ids":",iscgem602790116,","sources":",iscgem,","types":",origin,","nst":null,"dmin":null,"rms":null,"gap":null,"magType":"mw","type":"earthquake","title":"M 6.6 - 24 km S of Shizunai-furukawach?, Japan"},"geometry":{"type":"Point","coordinates":[142.362,42.113,35]},"id":"iscgem602790116"},
{"type":"Feature","properties":{"mag":5.75,"place":"68 km N of Naze, Japan","time":-1903153871270,"updated":1650918629233,"tz":null,"url":"https://earthquake.usgs.gov/earthquakes/eventpage/iscgem16958053","detail":"https://earthquake.usgs.gov/fdsnws/event/1/query?eventid=iscgem16958053&format=geojson","felt":null,"cdi":null,"mmi":null,"alert":null,"status":"reviewed","tsunami":0,"sig":509,"net":"iscgem","code":"16958053","ids":",iscgem16958053,","sources":",iscgem,","types":",origin,","nst":null,"dmin":null,"rms":null,"gap":null,"magType":"mw","type":"earthquake","title":"M 5.8 - 68 km N of Naze, Japan"},"geometry":{"type":"Point","coordinates":[129.398,28.984,15]},"id":"iscgem16958053"},
{"type":"Feature","properties":{"mag":6.91,"place":"23 km SSE of Ono, Japan","time":-1905528545550,"updated":1650918616707,"tz":null,"url":"https://earthquake.usgs.gov/earthquakes/eventpage/iscgem16958049","detail":"https://earthquake.usgs.gov/fdsnws/event/1/query?eventid=iscgem16958049&format=geojson","felt":null,"cdi":null,"mmi":null,"alert":null,"status":"reviewed","tsunami":0,"sig":735,"net":"iscgem","code":"16958049","ids":",iscgem16958049,","sources":",iscgem,","types":",origin,","nst":null,"dmin":null,"rms":null,"gap":null,"magType":"mw","type":"earthquake","title":"M 6.9 - 23 km SSE of Ono, Japan"},"geometry":{"type":"Point","coordinates":[136.557,35.773,15]},"id":"iscgem16958049"},
{"type":"Feature","properties":{"mag":5.77,"place":"12 km W of Ichihara, Japan","time":-1909191934360,"updated":1652109574225,"tz":null,"url":"https://earthquake.usgs.gov/earthquakes/eventpage/iscgemsup610326349","detail":"https://earthquake.usgs.gov/fdsnws/event/1/query?eventid=iscgemsup610326349&format=geojson","felt":null,"cdi":null,"mmi":null,"alert":null,"status":"reviewed","tsunami":0,"sig":512,"net":"iscgemsup","code":"610326349","ids":",iscgemsup610326349,","sources":",iscgemsup,","types":",origin,","nst":null,"dmin":null,"rms":null,"gap":null,"magType":"mw","type":"earthquake","title":"M 5.8 - 12 km W of Ichihara, Japan"},"geometry":{"type":"Point","coordinates":[139.948,35.507,15]},"id":"iscgemsup610326349"},
{"type":"Feature","properties":{"mag":6.59,"place":"227 km ESE of Ishinomaki, Japan","time":-1918007777560,"updated":1652109532847,"tz":null,"url":"https://earthquake.usgs.gov/earthquakes/eventpage/iscgemsup602790117","detail":"https://earthquake.usgs.gov/fdsnws/event/1/query?eventid=iscgemsup602790117&format=geojson","felt":null,"cdi":null,"mmi":null,"alert":null,"status":"reviewed","tsunami":0,"sig":668,"net":"iscgemsup","code":"602790117","ids":",iscgemsup602790117,","sources":",iscgemsup,","types":",origin,","nst":null,"dmin":null,"rms":null,"gap":null,"magType":"mw","type":"earthquake","title":"M 6.6 - 227 km ESE of Ishinomaki, Japan"},"geometry":{"type":"Point","coordinates":[143.638,37.533,15]},"id":"iscgemsup602790117"},
{"type":"Feature","properties":{"mag":7.11,"place":"150 km ESE of Hasaki, Japan","time":-1918805460150,"updated":1650918591529,"tz":null,"url":"https://earthquake.usgs.gov/earthquakes/eventpage/iscgem16958018","detail":"https://earthquake.usgs.gov/fdsnws/event/1/query?eventid=iscgem16958018&format=geojson","felt":null,"cdi":null,"mmi":4.589,"alert":null,"status":"reviewed","tsunami":0,"sig":778,"net":"iscgem","code":"16958018","ids":",iscgem16958018,","sources":",iscgem,","types":",origin,shakemap,","nst":null,"dmin":null,"rms":null,"gap":null,"magType":"mw","type":"earthquake","title":"M 7.1 - 150 km ESE of Hasaki, Japan"},"geometry":{"type":"Point","coordinates":[142.387,35.267,15]},"id":"iscgem16958018"},
{"type":"Feature","properties":{"mag":7.03,"place":"82 km ENE of Hasaki, Japan","time":-1918860081180,"updated":1650918977091,"tz":null,"url":"https://earthquake.usgs.gov/earthquakes/eventpage/iscgem609601749","detail":"https://earthquake.usgs.gov/fdsnws/event/1/query?eventid=iscgem609601749&format=geojson","felt":null,"cdi":null,"mmi":null,"alert":null,"status":"reviewed","tsunami":0,"sig":760,"net":"iscgem","code":"609601749","ids":",iscgem609601749,","sources":",iscgem,","types":",origin,","nst":null,"dmin":null,"rms":null,"gap":null,"magType":"mw","type":"earthquake","title":"M 7.0 - 82 km ENE of Hasaki, Japan"},"geometry":{"type":"Point","coordinates":[141.719,35.897,15]},"id":"iscgem609601749"},
{"type":"Feature","properties":{"mag":6.53,"place":"46 km SE of Koshima, Japan","time":-1919030686530,"updated":1652109538228,"tz":null,"url":"https://earthquake.usgs.gov/earthquakes/eventpage/iscgemsup602790119","detail":"https://earthquake.usgs.gov/fdsnws/event/1/query?eventid=iscgemsup602790119&format=geojson","felt":null,"cdi":null,"mmi":null,"alert":null,"status":"reviewed","tsunami":0,"sig":656,"net":"iscgemsup","code":"602790119","ids":",iscgemsup602790119,","sources":",iscgemsup,","types":",origin,","nst":null,"dmin":null,"rms":null,"gap":null,"magType":"mw","type":"earthquake","title":"M 6.5 - 46 km SE of Koshima, Japan"},"geometry":{"type":"Point","coordinates":[130.877,29.935,35]},"id":"iscgemsup602790119"},
{"type":"Feature","properties":{"mag":6.82,"place":"70 km E of Namie, Japan","time":-1955358158700,"updated":1650918567244,"tz":null,"url":"https://earthquake.usgs.gov/earthquakes/eventpage/iscgem16957983","detail":"https://earthquake.usgs.gov/fdsnws/event/1/query?eventid=iscgem16957983&format=geojson","felt":null,"cdi":null,"mmi":null,"alert":null,"status":"reviewed","tsunami":0,"sig":716,"net":"iscgem","code":"16957983","ids":",iscgem16957983,","sources":",iscgem,","types":",origin,","nst":null,"dmin":null,"rms":null,"gap":null,"magType":"mw","type":"earthquake","title":"M 6.8 - 70 km E of Namie, Japan"},"geometry":{"type":"Point","coordinates":[141.782,37.587,35]},"id":"iscgem16957983"},
{"type":"Feature","properties":{"mag":6.01,"place":"151 km NE of Miyako, Japan","time":-1959156400050,"updated":1650918974407,"tz":null,"url":"https://earthquake.usgs.gov/earthquakes/eventpage/iscgem602790121","detail":"https://earthquake.usgs.gov/fdsnws/event/1/query?eventid=iscgem602790121&format=geojson","felt":null,"cdi":null,"mmi":null,"alert":null,"status":"reviewed","tsunami":0,"sig":556,"net":"iscgem","code":"602790121","ids":",iscgem602790121,","sources":",iscgem,","types":",origin,","nst":null,"dmin":null,"rms":null,"gap":null,"magType":"mw","type":"earthquake","title":"M 6.0 - 151 km NE of Miyako, Japan"},"geometry":{"type":"Point","coordinates":[143.33,40.492,35]},"id":"iscgem602790121"},
{"type":"Feature","properties":{"mag":6.04,"place":"84 km W of Noshiro, Japan","time":-1969481042640,"updated":1652109917396,"tz":null,"url":"https://earthquake.usgs.gov/earthquakes/eventpage/iscgemsup610548693","detail":"https://earthquake.usgs.gov/fdsnws/event/1/query?eventid=iscgemsup610548693&format=geojson","felt":null,"cdi":null,"mmi":null,"alert":null,"status":"reviewed","tsunami":0,"sig":561,"net":"iscgemsup","code":"610548693","ids":",iscgemsup610548693,","sources":",iscgemsup,","types":",origin,","nst":null,"dmin":null,"rms":null,"gap":null,"magType":"mw","type":"earthquake","title":"M 6.0 - 84 km W of Noshiro, Japan"},"geometry":{"type":"Point","coordinates":[139.048,40.32,20]},"id":"iscgemsup610548693"},
{"type":"Feature","properties":{"mag":6.31,"place":"Bonin Islands, Japan region","time":-1972881686120,"updated":1652109915944,"tz":null,"url":"https://earthquake.usgs.gov/earthquakes/eventpage/iscgemsup610548689","detail":"https://earthquake.usgs.gov/fdsnws/event/1/query?eventid=iscgemsup610548689&format=geojson","felt":null,"cdi":null,"mmi":null,"alert":null,"status":"reviewed","tsunami":0,"sig":613,"net":"iscgemsup","code":"610548689","ids":",iscgemsup610548689,","sources":",iscgemsup,","types":",origin,","nst":null,"dmin":null,"rms":null,"gap":null,"magType":"mw","type":"earthquake","title":"M 6.3 - Bonin Islands, Japan region"},"geometry":{"type":"Point","coordinates":[141.36,26.863,35]},"id":"iscgemsup610548689"},
{"type":"Feature","properties":{"mag":6.31,"place":"East of the Izu Islands","time":-1973020373090,"updated":1652109909472,"tz":null,"url":"https://earthquake.usgs.gov/earthquakes/eventpage/iscgemsup610548688","detail":"https://earthquake.usgs.gov/fdsnws/event/1/query?eventid=iscgemsup610548688&format=geojson","felt":null,"cdi":null,"mmi":null,"alert":null,"status":"reviewed","tsunami":0,"sig":613,"net":"iscgemsup","code":"610548688","ids":",iscgemsup610548688,","sources":",iscgemsup,","types":",origin,","nst":null,"dmin":null,"rms":null,"gap":null,"magType":"mw","type":"earthquake","title":"M 6.3 - East of the Izu Islands"},"geometry":{"type":"Point","coordinates":[144.024,30.643,15]},"id":"iscgemsup610548688"},
{"type":"Feature","properties":{"mag":6.43,"place":"Bonin Islands, Japan region","time":-1977492207520,"updated":1650918522321,"tz":null,"url":"https://earthquake.usgs.gov/earthquakes/eventpage/iscgem16957955","detail":"https://earthquake.usgs.gov/fdsnws/event/1/query?eventid=iscgem16957955&format=geojson","felt":null,"cdi":null,"mmi":null,"alert":null,"status":"reviewed","tsunami":0,"sig":636,"net":"iscgem","code":"16957955","ids":",iscgem16957955,","sources":",iscgem,","types":",origin,","nst":null,"dmin":null,"rms":null,"gap":null,"magType":"mw","type":"earthquake","title":"M 6.4 - Bonin Islands, Japan region"},"geometry":{"type":"Point","coordinates":[142.222,27.998,35]},"id":"iscgem16957955"},
{"type":"Feature","properties":{"mag":6.23,"place":"Izu Islands, Japan region","time":-1992813619170,"updated":1650919254160,"tz":null,"url":"https://earthquake.usgs.gov/earthquakes/eventpage/iscgem610548670","detail":"https://earthquake.usgs.gov/fdsnws/event/1/query?eventid=iscgem610548670&format=geojson","felt":null,"cdi":null,"mmi":null,"alert":null,"status":"reviewed","tsunami":0,"sig":597,"net":"iscgem","code":"610548670","ids":",iscgem610548670,","sources":",iscgem,","types":",origin,","nst":null,"dmin":null,"rms":null,"gap":null,"magType":"mw","type":"earthquake","title":"M 6.2 - Izu Islands, Japan region"},"geometry":{"type":"Point","coordinates":[140.788,30.188,35]},"id":"iscgem610548670"},
{"type":"Feature","properties":{"mag":6.38,"place":"73 km S of Shimoda, Japan","time":-1997293401730,"updated":1652109880272,"tz":null,"url":"https://earthquake.usgs.gov/earthquakes/eventpage/iscgemsup610548660","detail":"https://earthquake.usgs.gov/fdsnws/event/1/query?eventid=iscgemsup610548660&format=geojson","felt":null,"cdi":null,"mmi":null,"alert":null,"status":"reviewed","tsunami":0,"sig":626,"net":"iscgemsup","code":"610548660","ids":",iscgemsup610548660,","sources":",iscgemsup,","types":",origin,","nst":null,"dmin":null,"rms":null,"gap":null,"magType":"mw","type":"earthquake","title":"M 6.4 - 73 km S of Shimoda, Japan"},"geometry":{"type":"Point","coordinates":[138.834,34.021,20]},"id":"iscgemsup610548660"},
{"type":"Feature","properties":{"mag":7.29,"place":"190 km SE of Hasaki, Japan","time":-1998104851880,"updated":1650918459573,"tz":null,"url":"https://earthquake.usgs.gov/earthquakes/eventpage/iscgem16957919","detail":"https://earthquake.usgs.gov/fdsnws/event/1/query?eventid=iscgem16957919&format=geojson","felt":null,"cdi":null,"mmi":null,"alert":null,"status":"reviewed","tsunami":0,"sig":818,"net":"iscgem","code":"16957919","ids":",iscgem16957919,","sources":",iscgem,","types":",origin,","nst":null,"dmin":null,"rms":null,"gap":null,"magType":"mw","type":"earthquake","title":"M 7.3 - 190 km SE of Hasaki, Japan"},"geometry":{"type":"Point","coordinates":[142.542,34.745,15]},"id":"iscgem16957919"},
{"type":"Feature","properties":{"mag":6.01,"place":"24 km SE of Fukura, Japan","time":-2008975852540,"updated":1650919011971,"tz":null,"url":"https://earthquake.usgs.gov/earthquakes/eventpage/iscgem610326312","detail":"https://earthquake.usgs.gov/fdsnws/event/1/query?eventid=iscgem610326312&format=geojson","felt":null,"cdi":null,"mmi":null,"alert":null,"status":"reviewed","tsunami":0,"sig":556,"net":"iscgem","code":"610326312","ids":",iscgem610326312,","sources":",iscgem,","types":",origin,","nst":null,"dmin":null,"rms":null,"gap":null,"magType":"mw","type":"earthquake","title":"M 6.0 - 24 km SE of Fukura, Japan"},"geometry":{"type":"Point","coordinates":[134.891,34.093,35]},"id":"iscgem610326312"},
{"type":"Feature","properties":{"mag":5.77,"place":"12 km NE of Guj?, Japan","time":-2010198019110,"updated":1652109567522,"tz":null,"url":"https://earthquake.usgs.gov/earthquakes/eventpage/iscgemsup610326310","detail":"https://earthquake.usgs.gov/fdsnws/event/1/query?eventid=iscgemsup610326310&format=geojson","felt":null,"cdi":null,"mmi":null,"alert":null,"status":"reviewed","tsunami":0,"sig":512,"net":"iscgemsup","code":"610326310","ids":",iscgemsup610326310,","sources":",iscgemsup,","types":",origin,","nst":null,"dmin":null,"rms":null,"gap":null,"magType":"mw","type":"earthquake","title":"M 5.8 - 12 km NE of Guj?, Japan"},"geometry":{"type":"Point","coordinates":[137.07,35.81,15]},"id":"iscgemsup610326310"},
{"type":"Feature","properties":{"mag":6.61,"place":"132 km ESE of Iwaki, Japan","time":-2011242128490,"updated":1650919201187,"tz":null,"url":"https://earthquake.usgs.gov/earthquakes/eventpage/iscgem610548635","detail":"https://earthquake.usgs.gov/fdsnws/event/1/query?eventid=iscgem610548635&format=geojson","felt":null,"cdi":null,"mmi":null,"alert":null,"status":"reviewed","tsunami":0,"sig":672,"net":"iscgem","code":"610548635","ids":",iscgem610548635,","sources":",iscgem,","types":",origin,","nst":null,"dmin":null,"rms":null,"gap":null,"magType":"mw","type":"earthquake","title":"M 6.6 - 132 km ESE of Iwaki, Japan"},"geometry":{"type":"Point","coordinates":[142.318,36.723,35]},"id":"iscgem610548635"},
{"type":"Feature","properties":{"mag":6.64,"place":"36 km E of Nobeoka, Japan","time":-2013503599360,"updated":1650919010610,"tz":null,"url":"https://earthquake.usgs.gov/earthquakes/eventpage/iscgem610326308","detail":"https://earthquake.usgs.gov/fdsnws/event/1/query?eventid=iscgem610326308&format=geojson","felt":null,"cdi":null,"mmi":null,"alert":null,"status":"reviewed","tsunami":0,"sig":678,"net":"iscgem","code":"610326308","ids":",iscgem610326308,","sources":",iscgem,","types":",origin,","nst":null,"dmin":null,"rms":null,"gap":null,"magType":"mw","type":"earthquake","title":"M 6.6 - 36 km E of Nobeoka, Japan"},"geometry":{"type":"Point","coordinates":[132.052,32.56,30]},"id":"iscgem610326308"},
{"type":"Feature","properties":{"mag":6.25,"place":"116 km ESE of Katsuura, Japan","time":-2015019979270,"updated":1650919004935,"tz":null,"url":"https://earthquake.usgs.gov/earthquakes/eventpage/iscgem610326306","detail":"https://earthquake.usgs.gov/fdsnws/event/1/query?eventid=iscgem610326306&format=geojson","felt":null,"cdi":null,"mmi":null,"alert":null,"status":"reviewed","tsunami":0,"sig":601,"net":"iscgem","code":"610326306","ids":",iscgem610326306,","sources":",iscgem,","types":",origin,","nst":null,"dmin":null,"rms":null,"gap":null,"magType":"mw","type":"earthquake","title":"M 6.3 - 116 km ESE of Katsuura, Japan"},"geometry":{"type":"Point","coordinates":[141.424,34.633,15]},"id":"iscgem610326306"},
{"type":"Feature","properties":{"mag":7.4,"place":"50 km SSW of ?yama, Japan","time":-2017908626430,"updated":1650918275887,"tz":null,"url":"https://earthquake.usgs.gov/earthquakes/eventpage/iscgem16957883","detail":"https://earthquake.usgs.gov/fdsnws/event/1/query?eventid=iscgem16957883&format=geojson","felt":null,"cdi":null,"mmi":4.905,"alert":null,"status":"reviewed","tsunami":0,"sig":842,"net":"iscgem","code":"16957883","ids":",iscgem16957883,","sources":",iscgem,","types":",origin,shakemap,","nst":null,"dmin":null,"rms":null,"gap":null,"magType":"mw","type":"earthquake","title":"M 7.4 - 50 km SSW of ?yama, Japan"},"geometry":{"type":"Point","coordinates":[138.025,34.175,300]},"id":"iscgem16957883"},
{"type":"Feature","properties":{"mag":7.67,"place":"217 km ESE of Kamaishi, Japan","time":-2035093153070,"updated":1650931830983,"tz":null,"url":"https://earthquake.usgs.gov/earthquakes/eventpage/iscgem914292","detail":"https://earthquake.usgs.gov/fdsnws/event/1/query?eventid=iscgem914292&format=geojson","felt":null,"cdi":null,"mmi":null,"alert":null,"status":"reviewed","tsunami":0,"sig":905,"net":"iscgem","code":"914292","ids":",iscgem914292,","sources":",iscgem,","types":",origin,","nst":null,"dmin":null,"rms":null,"gap":null,"magType":"mw","type":"earthquake","title":"M 7.7 - 217 km ESE of Kamaishi, Japan"},"geometry":{"type":"Point","coordinates":[144.119,38.417,15]},"id":"iscgem914292"},
{"type":"Feature","properties":{"mag":6.91,"place":"31 km SSW of Hikari, Japan","time":-2038069220400,"updated":1650918238797,"tz":null,"url":"https://earthquake.usgs.gov/earthquakes/eventpage/iscgem16957852","detail":"https://earthquake.usgs.gov/fdsnws/event/1/query?eventid=iscgem16957852&format=geojson","felt":null,"cdi":null,"mmi":null,"alert":null,"status":"reviewed","tsunami":0,"sig":735,"net":"iscgem","code":"16957852","ids":",iscgem16957852,","sources":",iscgem,","types":",origin,","nst":null,"dmin":null,"rms":null,"gap":null,"magType":"mw","type":"earthquake","title":"M 6.9 - 31 km SSW of Hikari, Japan"},"geometry":{"type":"Point","coordinates":[131.759,33.715,60]},"id":"iscgem16957852"},
{"type":"Feature","properties":{"mag":6.78,"place":"Volcano Islands, Japan region","time":-2039928658540,"updated":1652109775604,"tz":null,"url":"https://earthquake.usgs.gov/earthquakes/eventpage/iscgemsup610548602","detail":"https://earthquake.usgs.gov/fdsnws/event/1/query?eventid=iscgemsup610548602&format=geojson","felt":null,"cdi":null,"mmi":null,"alert":null,"status":"reviewed","tsunami":0,"sig":707,"net":"iscgemsup","code":"610548602","ids":",iscgemsup610548602,","sources":",iscgemsup,","types":",origin,","nst":null,"dmin":null,"rms":null,"gap":null,"magType":"mw","type":"earthquake","title":"M 6.8 - Volcano Islands, Japan region"},"geometry":{"type":"Point","coordinates":[143.332,25.967,15]},"id":"iscgemsup610548602"}],"bbox":[129.398,25.967,15,144.119,42.113,300]}